Ref,Val,Package,PosX,PosY,Rot,Side
"C3","100n","C_0603_1608Metric",126.250000,-70.750000,-90.000000,bottom
"C4","100n","C_0603_1608Metric",126.250000,-83.250000,-90.000000,bottom
"J2","Conn_01x12","Hirose_FH12-12S-0.5SH_1x12-1MP_P0.50mm_Horizontal",130.350000,-72.500000,-90.000000,bottom
"J3","Conn_01x12","Hirose_FH12-12S-0.5SH_1x12-1MP_P0.50mm_Horizontal",130.300000,-85.000000,-90.000000,bottom
"C1","10u","C_0805_2012Metric",115.250000,-70.750000,90.000000,top
"C2","1u","C_0603_1608Metric",115.250000,-67.250000,-90.000000,top
"Q1","Q_NPN_BEC","SOT-23",122.750000,-88.750000,0.000000,top
"R1","33R","R_0603_1608Metric",115.925000,-74.750000,180.000000,top
"R2","33R","R_0603_1608Metric",115.925000,-77.500000,180.000000,top
"R3","33R","R_0603_1608Metric",115.925000,-80.000000,180.000000,top
"R4","33R","R_0603_1608Metric",115.925000,-82.500000,180.000000,top
"R5","33R","R_0603_1608Metric",115.925000,-85.000000,180.000000,top
"R6","33R","R_0603_1608Metric",115.925000,-87.500000,180.000000,top
"R7","1K","R_0603_1608Metric",115.925000,-90.250000,180.000000,top
"R8","10K","R_0603_1608Metric",119.000000,-87.500000,0.000000,top
"R10","5R1","R_0603_1608Metric",121.250000,-84.750000,-90.000000,top
"R11","5R1","R_0603_1608Metric",122.750000,-84.750000,-90.000000,top
"R12","10K","R_0603_1608Metric",122.000000,-82.500000,180.000000,top
