Designator,Mid X,Mid Y,Rotation,Layer
C1,115.25,-70.75,90.0,top
C2,115.25,-67.25,270.0,top
C3,126.25,-70.75,270.0,bottom
C4,126.25,-83.25,270.0,bottom
J2,130.35,-72.5,270.0,bottom
J3,130.3,-85.0,270.0,bottom
Q1,122.75,-88.75,180.0,top
R1,115.925,-74.75,180.0,top
R10,121.25,-84.75,270.0,top
R11,122.75,-84.75,270.0,top
R12,122.0,-82.5,180.0,top
R2,115.925,-77.5,180.0,top
R3,115.925,-80.0,180.0,top
R4,115.925,-82.5,180.0,top
R5,115.925,-85.0,180.0,top
R6,115.925,-87.5,180.0,top
R7,115.925,-90.25,180.0,top
R8,119.0,-87.5,0.0,top
